Bulan,Hari,Tanggal,Test,Parameter,Telkomsel,IOH,XL Axiata,longitude,latitude,Kabupaten/Kota,Alamat,Keterangan
Maret,Rabu,03/26/25,Route Test,Durations,12.12,19.19,0,,,Konawe Selatan,RT Konda - Cialam,Posko Before Idul Fitri
Maret,Rabu,03/26/25,Route Test,Distance (km),12.509,9.501,0,,,Konawe Selatan,RT Konda - Cialam,Posko Before Idul Fitri
Maret,Rabu,03/26/25,Route Test,DL speed (Mbps),12.52,6.61,0,,,Konawe Selatan,RT Konda - Cialam,Posko Before Idul Fitri
Maret,Rabu,03/26/25,Route Test,Durations,15.52,52.25,19.11,,,Konawe Selatan,RT Punggaluku - Torobulu,Posko Before Idul Fitri
Maret,Rabu,03/26/25,Route Test,Distance (km),28.541,15.883,9.404,,,Konawe Selatan,RT Punggaluku - Torobulu,Posko Before Idul Fitri
Maret,Rabu,03/26/25,Route Test,DL speed (Mbps),6.91,5.38,1.11,,,Konawe Selatan,RT Punggaluku - Torobulu,Posko Before Idul Fitri
Maret,Kamis,03/27/25,Route Test,Durations,6.22,42.17,24.07,,,Konawe Selatan,RT Moramo - Pelabuhan,Posko Before Idul Fitri
Maret,Kamis,03/27/25,Route Test,Distance (km),36.671,111.486,13.948,,,Konawe Selatan,RT Moramo - Pelabuhan,Posko Before Idul Fitri
Maret,Kamis,03/27/25,Route Test,DL speed (Mbps),30.07,40.99,0,,,Konawe Selatan,RT Moramo - Pelabuhan,Posko Before Idul Fitri
Maret,Jumat,03/28/25,Route Test,Durations,10.52,8.39,0,,,Konawe Selatan,RT Bandara - SMPN 1 Ranomeeto,Posko Before Idul Fitri
Maret,Jumat,03/28/25,Route Test,Distance (km),3.642,11.421,0,,,Konawe Selatan,RT Bandara - SMPN 1 Ranomeeto,Posko Before Idul Fitri
Maret,Jumat,03/28/25,Route Test,DL speed (Mbps),0,21.68,0,,,Konawe Selatan,RT Bandara - SMPN 1 Ranomeeto,Posko Before Idul Fitri
Maret,Sabtu,03/29/25,Route Test,Durations,2.22,23.57,33.01,,,Kendari,RT Bypass - Pelabuhan,Posko Before Idul Fitri
Maret,Sabtu,03/29/25,Route Test,Distance (km),13.076,9.431,10.555,,,Kendari,RT Bypass - Pelabuhan,Posko Before Idul Fitri
Maret,Sabtu,03/29/25,Route Test,DL speed (Mbps),22.25,20.61,4.43,,,Kendari,RT Bypass - Pelabuhan,Posko Before Idul Fitri
Maret,Sabtu,03/29/25,Route Test,Durations,2.02,9.22,18.19,,,Kendari,RT Pelabuhan - Psr Andonohu,Posko Before Idul Fitri
Maret,Sabtu,03/29/25,Route Test,Distance (km),5.901,4.571,5.605,,,Kendari,RT Pelabuhan - Psr Andonohu,Posko Before Idul Fitri
Maret,Sabtu,03/29/25,Route Test,DL speed (Mbps),3.29,15.08,14.91,,,Kendari,RT Pelabuhan - Psr Andonohu,Posko Before Idul Fitri
Maret,Sabtu,03/29/25,Route Test,Durations,1.03,12.13,13.33,,,Kendari,RT Psr - Andonohu - Lepo lepo,Posko Before Idul Fitri
Maret,Sabtu,03/29/25,Route Test,Distance (km),10.232,4.385,4.82,,,Kendari,RT Psr - Andonohu - Lepo lepo,Posko Before Idul Fitri
Maret,Sabtu,03/29/25,Route Test,DL speed (Mbps),34.29,15.72,7.87,,,Kendari,RT Psr - Andonohu - Lepo lepo,Posko Before Idul Fitri
April,Selasa,04/01/25,Route Test,Durations,22.51,22.50,22.50,,,Kendari,RT Kendari Permai– Pantai Nambo,Posko After Idul Fitri
April,Selasa,04/01/25,Route Test,Distance (km),11.430,14.872,11.434,,,Kendari,RT Kendari Permai– Pantai Nambo,Posko After Idul Fitri
April,Selasa,04/01/25,Route Test,DL speed (Mbps),9.12,2.49,14.37,,,Kendari,RT Kendari Permai– Pantai Nambo,Posko After Idul Fitri
April,Selasa,04/01/25,Route Test,Durations,12.00,11.21,11.24,,,Kendari,RT Kendari Beach - Lippo Plaza,Posko After Idul Fitri
April,Selasa,04/01/25,Route Test,Distance (km),4.057,7.697,5.480,,,Kendari,RT Kendari Beach - Lippo Plaza,Posko After Idul Fitri
April,Selasa,04/01/25,Route Test,DL speed (Mbps),20.36,3.74,4.97,,,Kendari,RT Kendari Beach - Lippo Plaza,Posko After Idul Fitri
April,Rabu,04/02/25,Route Test,Durations,26.18,27.29,27.35,,,Kendari,RT BTN Kehutanan - Jembatan Bahteramas,Posko After Idul Fitri
April,Rabu,04/02/25,Route Test,Distance (km),15.955,10.674,10.659,,,Kendari,RT BTN Kehutanan - Jembatan Bahteramas,Posko After Idul Fitri
April,Rabu,04/02/25,Route Test,DL speed (Mbps),1.26,8.59,1.3,,,Kendari,RT BTN Kehutanan - Jembatan Bahteramas,Posko After Idul Fitri
April,Rabu,04/02/25,Route Test,Durations,20.03,20.11,20.08,,,Kendari,RT Jembatan Bahteramas - Taman Kali Kadia,Posko After Idul Fitri
April,Rabu,04/02/25,Route Test,Distance (km),11.200,8.372,8.368,,,Kendari,RT Jembatan Bahteramas - Taman Kali Kadia,Posko After Idul Fitri
April,Rabu,04/02/25,Route Test,DL speed (Mbps),2.15,13.76,6.64,,,Kendari,RT Jembatan Bahteramas - Taman Kali Kadia,Posko After Idul Fitri
April,Jum'at,04/04/25,Route Test,Durations,19.56,18.41,20.54,,,Konawe Selatan,RT Pelabuhan Torobulu - Tinanggea,Posko After Idul Fitri
April,Jum'at,04/04/25,Route Test,Distance (km),10.112,10.102,10.000,,,Konawe Selatan,RT Pelabuhan Torobulu - Tinanggea,Posko After Idul Fitri
April,Jum'at,04/04/25,Route Test,DL speed (Mbps),2.2,0.92,1.46,,,Konawe Selatan,RT Pelabuhan Torobulu - Tinanggea,Posko After Idul Fitri
April,Jum'at,04/04/25,Route Test,Durations,12.36,11.50,11.31,,,Konawe Selatan,RT Pertigaan Kiaea - Ktr Bupati Konsel,Posko After Idul Fitri
April,Jum'at,04/04/25,Route Test,Distance (km),6.137,6.137,6.134,,,Konawe Selatan,RT Pertigaan Kiaea - Ktr Bupati Konsel,Posko After Idul Fitri
April,Jum'at,04/04/25,Route Test,DL speed (Mbps),32.38,15.79,17.55,,,Konawe Selatan,RT Pertigaan Kiaea - Ktr Bupati Konsel,Posko After Idul Fitri
April,Minggu,04/06/25,Route Test,Durations,21.15,22.14,21.18,,,Konawe Selatan,RT Sambuli - UPPKB Moramo,Posko After Idul Fitri
April,Minggu,04/06/25,Route Test,Distance (km),10.549,10.545,10.544,,,Konawe Selatan,RT Sambuli - UPPKB Moramo,Posko After Idul Fitri
April,Minggu,04/06/25,Route Test,DL speed (Mbps),5.00,3.07,4.14,,,Konawe Selatan,RT Sambuli - UPPKB Moramo,Posko After Idul Fitri
April,Minggu,04/06/25,Route Test,Durations,22.01,12.38,20.44,,,Konawe Selatan,RT UPPKB Moramo - J. Poros Lapuko,Posko After Idul Fitri
April,Minggu,04/06/25,Route Test,Distance (km),10.770,9.275,10.816,,,Konawe Selatan,RT UPPKB Moramo - J. Poros Lapuko,Posko After Idul Fitri
April,Minggu,04/06/25,Route Test,DL speed (Mbps),4.83,24.54,45.82,,,Konawe Selatan,RT UPPKB Moramo - J. Poros Lapuko,Posko After Idul Fitri
April,Minggu,04/06/25,Route Test,Durations,19.29,24.28,24.27,,,Konawe Selatan,RT Jl. Poros Lapuko -  Kantor Desa Awunio,Posko After Idul Fitri
April,Minggu,04/06/25,Route Test,Distance (km),12.138,15.139,15.140,,,Konawe Selatan,RT Jl. Poros Lapuko -  Kantor Desa Awunio,Posko After Idul Fitri
April,Minggu,04/06/25,Route Test,DL speed (Mbps),6.03,4.16,1.84,,,Konawe Selatan,RT Jl. Poros Lapuko -  Kantor Desa Awunio,Posko After Idul Fitri
Maret,Rabu,03/26/25,Speed Test,DL (Mbps),16.67,22.56,0,122.4732,-4.303,Konawe Selatan,Pos Punggaluku,Posko Before Idul Fitri
Maret,Rabu,03/26/25,Speed Test,UL (Mbps),11.85,7.55,0,122.4732,-4.303,Konawe Selatan,Pos Punggaluku,Posko Before Idul Fitri
Maret,Rabu,03/26/25,Speed Test,Ping (ms),2.2,159,0,122.4732,-4.303,Konawe Selatan,Pos Punggaluku,Posko Before Idul Fitri
Maret,Rabu,03/26/25,Web Test,Loading time (ms),4.2,281,30.2,122.4732,-4.303,Konawe Selatan,Pos Punggaluku,Posko Before Idul Fitri
Maret,Rabu,03/26/25,Web Test,Throughput W (Mbps),0.61,0.41,0,122.4732,-4.303,Konawe Selatan,Pos Punggaluku,Posko Before Idul Fitri
Maret,Rabu,03/26/25,Video Test,Initial Buffering (ms),504,0,0,122.4732,-4.303,Konawe Selatan,Pos Punggaluku,Posko Before Idul Fitri
Maret,Rabu,03/26/25,Video Test,Throughput V (Mbps),2.51,2.07,0,122.4732,-4.303,Konawe Selatan,Pos Punggaluku,Posko Before Idul Fitri
Maret,Rabu,03/26/25,Speed Test,DL (Mbps),12.37,0.44,5.13,122.4538,-4.4454,Konawe Selatan,Pelabuhan Torobulu,Posko Before Idul Fitri
Maret,Rabu,03/26/25,Speed Test,UL (Mbps),0,3.46,3.91,122.4538,-4.4454,Konawe Selatan,Pelabuhan Torobulu,Posko Before Idul Fitri
Maret,Rabu,03/26/25,Speed Test,Ping (ms),1.17,338,244,122.4538,-4.4454,Konawe Selatan,Pelabuhan Torobulu,Posko Before Idul Fitri
Maret,Rabu,03/26/25,Web Test,Loading time (ms),3.39,615,523,122.4538,-4.4454,Konawe Selatan,Pelabuhan Torobulu,Posko Before Idul Fitri
Maret,Rabu,03/26/25,Web Test,Throughput W (Mbps),0.98,0.08,0.36,122.4538,-4.4454,Konawe Selatan,Pelabuhan Torobulu,Posko Before Idul Fitri
Maret,Rabu,03/26/25,Video Test,Initial Buffering (ms),502,2794,0,122.4538,-4.4454,Konawe Selatan,Pelabuhan Torobulu,Posko Before Idul Fitri
Maret,Rabu,03/26/25,Video Test,Throughput V (Mbps),2.15,2.22,2.27,122.4538,-4.4454,Konawe Selatan,Pelabuhan Torobulu,Posko Before Idul Fitri
Maret,Kamis,03/27/25,Speed Test,DL (Mbps),0,0,0,122.851461,-4.419248,Konawe Selatan,Pelabuhan Amolengo,Posko Before Idul Fitri
Maret,Kamis,03/27/25,Speed Test,UL (Mbps),0,0,0,122.851461,-4.419248,Konawe Selatan,Pelabuhan Amolengo,Posko Before Idul Fitri
Maret,Kamis,03/27/25,Speed Test,Ping (ms),1.32,1.62,0,122.851461,-4.419248,Konawe Selatan,Pelabuhan Amolengo,Posko Before Idul Fitri
Maret,Kamis,03/27/25,Web Test,Loading time (ms),5.35,47.78,0,122.851461,-4.419248,Konawe Selatan,Pelabuhan Amolengo,Posko Before Idul Fitri
Maret,Kamis,03/27/25,Web Test,Throughput W (Mbps),0.72,0.84,0,122.851461,-4.419248,Konawe Selatan,Pelabuhan Amolengo,Posko Before Idul Fitri
Maret,Kamis,03/27/25,Video Test,Initial Buffering (ms),501,501,0,122.851461,-4.419248,Konawe Selatan,Pelabuhan Amolengo,Posko Before Idul Fitri
Maret,Kamis,03/27/25,Video Test,Throughput V (Mbps),2.15,2.1,0,122.851461,-4.419248,Konawe Selatan,Pelabuhan Amolengo,Posko Before Idul Fitri
Maret,Jumat,03/28/25,Speed Test,DL (Mbps),20.28,88.76,6.91,122.416926,-4.077047,Konawe Selatan,Bandara Haluoleo,Posko Before Idul Fitri
Maret,Jumat,03/28/25,Speed Test,UL (Mbps),13.46,9.13,6.19,122.416926,-4.077047,Konawe Selatan,Bandara Haluoleo,Posko Before Idul Fitri
Maret,Jumat,03/28/25,Speed Test,Ping (ms),1.32,1.62,174,122.416926,-4.077047,Konawe Selatan,Bandara Haluoleo,Posko Before Idul Fitri
Maret,Jumat,03/28/25,Web Test,Loading time (ms),3.12,2.05,448,122.416926,-4.077047,Konawe Selatan,Bandara Haluoleo,Posko Before Idul Fitri
Maret,Jumat,03/28/25,Web Test,Throughput W (Mbps),0.863,0.81,0.45,122.416926,-4.077047,Konawe Selatan,Bandara Haluoleo,Posko Before Idul Fitri
Maret,Jumat,03/28/25,Video Test,Initial Buffering (ms),501,502,0,122.416926,-4.077047,Konawe Selatan,Bandara Haluoleo,Posko Before Idul Fitri
Maret,Jumat,03/28/25,Video Test,Throughput V (Mbps),2.15,2.15,3.92,122.416926,-4.077047,Konawe Selatan,Bandara Haluoleo,Posko Before Idul Fitri
Maret,Jumat,03/28/25,Speed Test,DL (Mbps),29.5,83.63,4.62,122.461241,-4.043838,Konawe Selatan,SMPN 1 Ranomeeto,Posko Before Idul Fitri
Maret,Jumat,03/28/25,Speed Test,UL (Mbps),33.6,34.09,6.93,122.461241,-4.043838,Konawe Selatan,SMPN 1 Ranomeeto,Posko Before Idul Fitri
Maret,Jumat,03/28/25,Speed Test,Ping (ms),1.26,1.04,216,122.461241,-4.043838,Konawe Selatan,SMPN 1 Ranomeeto,Posko Before Idul Fitri
Maret,Jumat,03/28/25,Web Test,Loading time (ms),3.73,2.33,618,122.461241,-4.043838,Konawe Selatan,SMPN 1 Ranomeeto,Posko Before Idul Fitri
Maret,Jumat,03/28/25,Web Test,Throughput W (Mbps),0.91,0.55,0.31,122.461241,-4.043838,Konawe Selatan,SMPN 1 Ranomeeto,Posko Before Idul Fitri
Maret,Jumat,03/28/25,Video Test,Initial Buffering (ms),501,501,0,122.461241,-4.043838,Konawe Selatan,SMPN 1 Ranomeeto,Posko Before Idul Fitri
Maret,Jumat,03/28/25,Video Test,Throughput V (Mbps),2.15,2.15,2.01,122.461241,-4.043838,Konawe Selatan,SMPN 1 Ranomeeto,Posko Before Idul Fitri
Maret,Sabtu,03/29/25,Speed Test,DL (Mbps),63.92,94.87,6.82,122.520517,-3.98355,Kendari,The Park Kendari,Posko Before Idul Fitri
Maret,Sabtu,03/29/25,Speed Test,UL (Mbps),17.1,39.67,5.44,122.520517,-3.98355,Kendari,The Park Kendari,Posko Before Idul Fitri
Maret,Sabtu,03/29/25,Speed Test,Ping (ms),1.69,1.11,188,122.520517,-3.98355,Kendari,The Park Kendari,Posko Before Idul Fitri
Maret,Sabtu,03/29/25,Web Test,Loading time (ms),5.4,4.9,479,122.520517,-3.98355,Kendari,The Park Kendari,Posko Before Idul Fitri
Maret,Sabtu,03/29/25,Web Test,Throughput W (Mbps),0.9,0.792,0.33,122.520517,-3.98355,Kendari,The Park Kendari,Posko Before Idul Fitri
Maret,Sabtu,03/29/25,Video Test,Initial Buffering (ms),501,503,0,122.520517,-3.98355,Kendari,The Park Kendari,Posko Before Idul Fitri
Maret,Sabtu,03/29/25,Video Test,Throughput V (Mbps),2.15,2.15,3.09,122.520517,-3.98355,Kendari,The Park Kendari,Posko Before Idul Fitri
Maret,Sabtu,03/29/25,Speed Test,DL (Mbps),59.33,8.72,9.66,122.518834,-3.96372,Kendari,Mall Mandonga,Posko Before Idul Fitri
Maret,Sabtu,03/29/25,Speed Test,UL (Mbps),52.09,94,6.76,122.518834,-3.96372,Kendari,Mall Mandonga,Posko Before Idul Fitri
Maret,Sabtu,03/29/25,Speed Test,Ping (ms),1.11,1.04,204,122.518834,-3.96372,Kendari,Mall Mandonga,Posko Before Idul Fitri
Maret,Sabtu,03/29/25,Web Test,Loading time (ms),3,2.89,542,122.518834,-3.96372,Kendari,Mall Mandonga,Posko Before Idul Fitri
Maret,Sabtu,03/29/25,Web Test,Throughput W (Mbps),0.494,0.608,0.375,122.518834,-3.96372,Kendari,Mall Mandonga,Posko Before Idul Fitri
Maret,Sabtu,03/29/25,Video Test,Initial Buffering (ms),500,614,0,122.518834,-3.96372,Kendari,Mall Mandonga,Posko Before Idul Fitri
Maret,Sabtu,03/29/25,Video Test,Throughput V (Mbps),2.15,2.15,2.04,122.518834,-3.96372,Kendari,Mall Mandonga,Posko Before Idul Fitri
Maret,Minggu,03/30/25,Speed Test,DL (Mbps),25.69,5.83,0.78,122.583845,-3.973591,Kendari,Pelabuhan Nusantara,Posko Before Idul Fitri
Maret,Minggu,03/30/25,Speed Test,UL (Mbps),31.23,7.19,5.32,122.583845,-3.973591,Kendari,Pelabuhan Nusantara,Posko Before Idul Fitri
Maret,Minggu,03/30/25,Speed Test,Ping (ms),1.36,140,177,122.583845,-3.973591,Kendari,Pelabuhan Nusantara,Posko Before Idul Fitri
Maret,Minggu,03/30/25,Web Test,Loading time (ms),1.26,47.78,198,122.583845,-3.973591,Kendari,Pelabuhan Nusantara,Posko Before Idul Fitri
Maret,Minggu,03/30/25,Web Test,Throughput W (Mbps),0.031,0.84,0.435,122.583845,-3.973591,Kendari,Pelabuhan Nusantara,Posko Before Idul Fitri
Maret,Minggu,03/30/25,Video Test,Initial Buffering (ms),503,0,1,122.583845,-3.973591,Kendari,Pelabuhan Nusantara,Posko Before Idul Fitri
Maret,Minggu,03/30/25,Video Test,Throughput V (Mbps),2.15,2.11,2.12,122.583845,-3.973591,Kendari,Pelabuhan Nusantara,Posko Before Idul Fitri
Maret,Minggu,03/30/25,Speed Test,DL (Mbps),34.9,6.59,5.31,122.54011,-4.000907,Kendari,Pasar Anduonohu,Posko Before Idul Fitri
Maret,Minggu,03/30/25,Speed Test,UL (Mbps),15.22,7.05,6.07,122.54011,-4.000907,Kendari,Pasar Anduonohu,Posko Before Idul Fitri
Maret,Minggu,03/30/25,Speed Test,Ping (ms),1.49,1.85,198,122.54011,-4.000907,Kendari,Pasar Anduonohu,Posko Before Idul Fitri
Maret,Minggu,03/30/25,Web Test,Loading time (ms),2.99,436,491,122.54011,-4.000907,Kendari,Pasar Anduonohu,Posko Before Idul Fitri
Maret,Minggu,03/30/25,Web Test,Throughput W (Mbps),0.533,0.478,0.303,122.54011,-4.000907,Kendari,Pasar Anduonohu,Posko Before Idul Fitri
Maret,Minggu,03/30/25,Video Test,Initial Buffering (ms),501,1,1,122.54011,-4.000907,Kendari,Pasar Anduonohu,Posko Before Idul Fitri
Maret,Minggu,03/30/25,Video Test,Throughput V (Mbps),2.15,2.09,2.11,122.54011,-4.000907,Kendari,Pasar Anduonohu,Posko Before Idul Fitri
Maret,Senin,03/31/25,Speed Test,DL (Mbps),41.99,8.59,9.36,122.5367,-4.0245,Kendari,Polda Sultra,Posko Before Idul Fitri
Maret,Senin,03/31/25,Speed Test,UL (Mbps),9.4,7.48,3.87,122.5367,-4.0245,Kendari,Polda Sultra,Posko Before Idul Fitri
Maret,Senin,03/31/25,Speed Test,Ping (ms),1.56,175,209,122.5367,-4.0245,Kendari,Polda Sultra,Posko Before Idul Fitri
Maret,Senin,03/31/25,Web Test,Loading time (ms),3.34,187,519,122.5367,-4.0245,Kendari,Polda Sultra,Posko Before Idul Fitri
Maret,Senin,03/31/25,Web Test,Throughput W (Mbps),0.724,0.589,0.4,122.5367,-4.0245,Kendari,Polda Sultra,Posko Before Idul Fitri
Maret,Senin,03/31/25,Video Test,Initial Buffering (ms),500,1,0,122.5367,-4.0245,Kendari,Polda Sultra,Posko Before Idul Fitri
Maret,Senin,03/31/25,Video Test,Throughput V (Mbps),2.15,2.27,2.11,122.5367,-4.0245,Kendari,Polda Sultra,Posko Before Idul Fitri
April,Selasa,04/01/25,Speed Test,DL (Mbps),29.25,126.51,1.48,122.5190,-4.0184,Kendari,BTN Kendari Permai,Posko After Idul Fitri
April,Selasa,04/01/25,Speed Test,UL (Mbps),6.58,40.63,6.08,122.5190,-4.0184,Kendari,BTN Kendari Permai,Posko After Idul Fitri
April,Selasa,04/01/25,Speed Test,Ping (ms),137,3.63,167,122.5190,-4.0184,Kendari,BTN Kendari Permai,Posko After Idul Fitri
April,Selasa,04/01/25,Web Test,Loading time (ms),462,3,261,122.5190,-4.0184,Kendari,BTN Kendari Permai,Posko After Idul Fitri
April,Selasa,04/01/25,Web Test,Throughput W (Mbps),0.18,821,0.53,122.5190,-4.0184,Kendari,BTN Kendari Permai,Posko After Idul Fitri
April,Selasa,04/01/25,Video Test,Initial Buffering (ms),1,1000,0,122.5190,-4.0184,Kendari,BTN Kendari Permai,Posko After Idul Fitri
April,Selasa,04/01/25,Video Test,Throughput V (Mbps),1.89,0.58,1.93,122.5190,-4.0184,Kendari,BTN Kendari Permai,Posko After Idul Fitri
April,Selasa,04/01/25,Speed Test,DL (Mbps),0.38,26.02,1.78,122.6154,-4.0027,Kendari,Wisata Pantai Nambo,Posko After Idul Fitri
April,Selasa,04/01/25,Speed Test,UL (Mbps),0.17,5.3,3.97,122.6154,-4.0027,Kendari,Wisata Pantai Nambo,Posko After Idul Fitri
April,Selasa,04/01/25,Speed Test,Ping (ms),895,3.71,209,122.6154,-4.0027,Kendari,Wisata Pantai Nambo,Posko After Idul Fitri
April,Selasa,04/01/25,Web Test,Loading time (ms),753,4,701,122.6154,-4.0027,Kendari,Wisata Pantai Nambo,Posko After Idul Fitri
April,Selasa,04/01/25,Web Test,Throughput W (Mbps),0.139,658,0.329,122.6154,-4.0027,Kendari,Wisata Pantai Nambo,Posko After Idul Fitri
April,Selasa,04/01/25,Video Test,Initial Buffering (ms),0,1083,0,122.6154,-4.0027,Kendari,Wisata Pantai Nambo,Posko After Idul Fitri
April,Selasa,04/01/25,Video Test,Throughput V (Mbps),2.18,0.9,1.96,122.6154,-4.0027,Kendari,Wisata Pantai Nambo,Posko After Idul Fitri
April,Selasa,04/01/25,Speed Test,DL (Mbps),9.09,9.25,3.02,122.6633,-3.9065,Kendari,Wisata Pantai Toronipa,Posko After Idul Fitri
April,Selasa,04/01/25,Speed Test,UL (Mbps),6.9,0,4.03,122.6633,-3.9065,Kendari,Wisata Pantai Toronipa,Posko After Idul Fitri
April,Selasa,04/01/25,Speed Test,Ping (ms),167,1.66,307,122.6633,-3.9065,Kendari,Wisata Pantai Toronipa,Posko After Idul Fitri
April,Selasa,04/01/25,Web Test,Loading time (ms),817,3,395,122.6633,-3.9065,Kendari,Wisata Pantai Toronipa,Posko After Idul Fitri
April,Selasa,04/01/25,Web Test,Throughput W (Mbps),0,0.24,0.417,122.6633,-3.9065,Kendari,Wisata Pantai Toronipa,Posko After Idul Fitri
April,Selasa,04/01/25,Video Test,Initial Buffering (ms),0,999,0,122.6633,-3.9065,Kendari,Wisata Pantai Toronipa,Posko After Idul Fitri
April,Selasa,04/01/25,Video Test,Throughput V (Mbps),2.33,0.71,2.17,122.6633,-3.9065,Kendari,Wisata Pantai Toronipa,Posko After Idul Fitri
April,Selasa,04/01/25,Speed Test,DL (Mbps),16.28,90.31,8.43,122.5118,-3.9925,Kendari,Lippo Plaza Kendari,Posko After Idul Fitri
April,Selasa,04/01/25,Speed Test,UL (Mbps),7.08,32.32,6.39,122.5118,-3.9925,Kendari,Lippo Plaza Kendari,Posko After Idul Fitri
April,Selasa,04/01/25,Speed Test,Ping (ms),125,3.56,209,122.5118,-3.9925,Kendari,Lippo Plaza Kendari,Posko After Idul Fitri
April,Selasa,04/01/25,Web Test,Loading time (ms),543,4,872,122.5118,-3.9925,Kendari,Lippo Plaza Kendari,Posko After Idul Fitri
April,Selasa,04/01/25,Web Test,Throughput W (Mbps),0,0.41,0.21,122.5118,-3.9925,Kendari,Lippo Plaza Kendari,Posko After Idul Fitri
April,Selasa,04/01/25,Video Test,Initial Buffering (ms),1,1016,0,122.5118,-3.9925,Kendari,Lippo Plaza Kendari,Posko After Idul Fitri
April,Selasa,04/01/25,Video Test,Throughput V (Mbps),0.84,0.94,2.11,122.5118,-3.9925,Kendari,Lippo Plaza Kendari,Posko After Idul Fitri
April,Rabu,04/02/25,Speed Test,DL (Mbps),3.93,6.52,0.22,122.5867,-3.9766,Kendari,Jembatan Bahteramas,Posko After Idul Fitri
April,Rabu,04/02/25,Speed Test,UL (Mbps),6.1,7.09,3.38,122.5867,-3.9766,Kendari,Jembatan Bahteramas,Posko After Idul Fitri
April,Rabu,04/02/25,Speed Test,Ping (ms),3.01,3.63,662,122.5867,-3.9766,Kendari,Jembatan Bahteramas,Posko After Idul Fitri
April,Rabu,04/02/25,Web Test,Loading time (ms),3.73,250,488,122.5867,-3.9766,Kendari,Jembatan Bahteramas,Posko After Idul Fitri
April,Rabu,04/02/25,Web Test,Throughput W (Mbps),156,0.543,0.343,122.5867,-3.9766,Kendari,Jembatan Bahteramas,Posko After Idul Fitri
April,Rabu,04/02/25,Video Test,Initial Buffering (ms),502,1,0,122.5867,-3.9766,Kendari,Jembatan Bahteramas,Posko After Idul Fitri
April,Rabu,04/02/25,Video Test,Throughput V (Mbps),2.15,2.27,1.69,122.5867,-3.9766,Kendari,Jembatan Bahteramas,Posko After Idul Fitri
April,Rabu,04/02/25,Speed Test,DL (Mbps),16.28,8,8.36,122.5115,-3.9809,Kendari,Taman Kali Kadia,Posko After Idul Fitri
April,Rabu,04/02/25,Speed Test,UL (Mbps),6.21,6.61,5.5,122.5115,-3.9809,Kendari,Taman Kali Kadia,Posko After Idul Fitri
April,Rabu,04/02/25,Speed Test,Ping (ms),143,3.71,216,122.5115,-3.9809,Kendari,Taman Kali Kadia,Posko After Idul Fitri
April,Rabu,04/02/25,Web Test,Loading time (ms),255,526,576,122.5115,-3.9809,Kendari,Taman Kali Kadia,Posko After Idul Fitri
April,Rabu,04/02/25,Web Test,Throughput W (Mbps),0,0.436,0.383,122.5115,-3.9809,Kendari,Taman Kali Kadia,Posko After Idul Fitri
April,Rabu,04/02/25,Video Test,Initial Buffering (ms),1,0,0,122.5115,-3.9809,Kendari,Taman Kali Kadia,Posko After Idul Fitri
April,Rabu,04/02/25,Video Test,Throughput V (Mbps),1.03,2.2,1.99,122.5115,-3.9809,Kendari,Taman Kali Kadia,Posko After Idul Fitri
April,Kamis,04/03/25,Speed Test,DL (Mbps),14.18,10.95,2.44,122.458209,-3.967596,Kendari,Terminal Puuwatu,Posko After Idul Fitri
April,Kamis,04/03/25,Speed Test,UL (Mbps),5.73,7.08,6.11,122.458209,-3.967596,Kendari,Terminal Puuwatu,Posko After Idul Fitri
April,Kamis,04/03/25,Speed Test,Ping (ms),159,158,177,122.458209,-3.967596,Kendari,Terminal Puuwatu,Posko After Idul Fitri
April,Kamis,04/03/25,Web Test,Loading time (ms),273,285,233,122.458209,-3.967596,Kendari,Terminal Puuwatu,Posko After Idul Fitri
April,Kamis,04/03/25,Web Test,Throughput W (Mbps),0.49,0.48,0.48,122.458209,-3.967596,Kendari,Terminal Puuwatu,Posko After Idul Fitri
April,Kamis,04/03/25,Video Test,Initial Buffering (ms),0,0,0,122.458209,-3.967596,Kendari,Terminal Puuwatu,Posko After Idul Fitri
April,Kamis,04/03/25,Video Test,Throughput V (Mbps),3.61,2.26,1.73,122.458209,-3.967596,Kendari,Terminal Puuwatu,Posko After Idul Fitri
April,Kamis,04/03/25,Speed Test,DL (Mbps),11.63,8.43,4.08,122.520743,-3.983871,Kendari,The Park Kendari,Posko After Idul Fitri
April,Kamis,04/03/25,Speed Test,UL (Mbps),6.54,7.19,4.99,122.520743,-3.983871,Kendari,The Park Kendari,Posko After Idul Fitri
April,Kamis,04/03/25,Speed Test,Ping (ms),135,161,258,122.520743,-3.983871,Kendari,The Park Kendari,Posko After Idul Fitri
April,Kamis,04/03/25,Web Test,Loading time (ms),265,247,564,122.520743,-3.983871,Kendari,The Park Kendari,Posko After Idul Fitri
April,Kamis,04/03/25,Web Test,Throughput W (Mbps),0.487,0.63,0.35,122.520743,-3.983871,Kendari,The Park Kendari,Posko After Idul Fitri
April,Kamis,04/03/25,Video Test,Initial Buffering (ms),0,0,0,122.520743,-3.983871,Kendari,The Park Kendari,Posko After Idul Fitri
April,Kamis,04/03/25,Video Test,Throughput V (Mbps),2.02,2.26,2.28,122.520743,-3.983871,Kendari,The Park Kendari,Posko After Idul Fitri
April,Jum'at,04/04/25,Speed Test,DL (Mbps),13.18,0.28,0.34,122.453157,-4.44515,Konawe Selatan,Pelabuhan Torobulu,Posko After Idul Fitri
April,Jum'at,04/04/25,Speed Test,UL (Mbps),1.06,0.06,0.13,122.453157,-4.44515,Konawe Selatan,Pelabuhan Torobulu,Posko After Idul Fitri
April,Jum'at,04/04/25,Speed Test,Ping (ms),382,2074,2377,122.453157,-4.44515,Konawe Selatan,Pelabuhan Torobulu,Posko After Idul Fitri
April,Jum'at,04/04/25,Web Test,Loading time (ms),375,572,122,122.453157,-4.44515,Konawe Selatan,Pelabuhan Torobulu,Posko After Idul Fitri
April,Jum'at,04/04/25,Web Test,Throughput W (Mbps),0.206,0.232,0.072,122.453157,-4.44515,Konawe Selatan,Pelabuhan Torobulu,Posko After Idul Fitri
April,Jum'at,04/04/25,Video Test,Initial Buffering (ms),0,0,0,122.453157,-4.44515,Konawe Selatan,Pelabuhan Torobulu,Posko After Idul Fitri
April,Jum'at,04/04/25,Video Test,Throughput V (Mbps),2.28,2.3,1.47,122.453157,-4.44515,Konawe Selatan,Pelabuhan Torobulu,Posko After Idul Fitri
April,Jum'at,04/04/25,Speed Test,DL (Mbps),20.57,7.97,7.52,122.277207,-4.336377,Konawe Selatan,Kantor Bupati,Posko After Idul Fitri
April,Jum'at,04/04/25,Speed Test,UL (Mbps),8.23,6.94,6.53,122.277207,-4.336377,Konawe Selatan,Kantor Bupati,Posko After Idul Fitri
April,Jum'at,04/04/25,Speed Test,Ping (ms),129,165,168,122.277207,-4.336377,Konawe Selatan,Kantor Bupati,Posko After Idul Fitri
April,Jum'at,04/04/25,Web Test,Loading time (ms),424,471,482,122.277207,-4.336377,Konawe Selatan,Kantor Bupati,Posko After Idul Fitri
April,Jum'at,04/04/25,Web Test,Throughput W (Mbps),0.417,0.427,0.413,122.277207,-4.336377,Konawe Selatan,Kantor Bupati,Posko After Idul Fitri
April,Jum'at,04/04/25,Video Test,Initial Buffering (ms),1,0,0,122.277207,-4.336377,Konawe Selatan,Kantor Bupati,Posko After Idul Fitri
April,Jum'at,04/04/25,Video Test,Throughput V (Mbps),1.95,1.83,1.72,122.277207,-4.336377,Konawe Selatan,Kantor Bupati,Posko After Idul Fitri
April,Sabtu,04/05/25,Speed Test,DL (Mbps),15.47,7.46,1.89,122.417134,-4.076176,Konawe Selatan,Bandara Haluoleo,Posko After Idul Fitri
April,Sabtu,04/05/25,Speed Test,UL (Mbps),5.42,7.08,5.12,122.417134,-4.076176,Konawe Selatan,Bandara Haluoleo,Posko After Idul Fitri
April,Sabtu,04/05/25,Speed Test,Ping (ms),142,164,204,122.417134,-4.076176,Konawe Selatan,Bandara Haluoleo,Posko After Idul Fitri
April,Sabtu,04/05/25,Web Test,Loading time (ms),377,211,456,122.417134,-4.076176,Konawe Selatan,Bandara Haluoleo,Posko After Idul Fitri
April,Sabtu,04/05/25,Web Test,Throughput W (Mbps),0.42,0.61,0.44,122.417134,-4.076176,Konawe Selatan,Bandara Haluoleo,Posko After Idul Fitri
April,Sabtu,04/05/25,Video Test,Initial Buffering (ms),0,0,0,122.417134,-4.076176,Konawe Selatan,Bandara Haluoleo,Posko After Idul Fitri
April,Sabtu,04/05/25,Video Test,Throughput V (Mbps),1.72,1.43,1.79,122.417134,-4.076176,Konawe Selatan,Bandara Haluoleo,Posko After Idul Fitri
April,Minggu,04/06/25,Speed Test,DL (Mbps),16.57,0,0,122.6226,-4.0998,Konawe Selatan,UPPKB Moramo ,Posko After Idul Fitri
April,Minggu,04/06/25,Speed Test,UL (Mbps),9.99,0,0,122.6226,-4.0998,Konawe Selatan,UPPKB Moramo ,Posko After Idul Fitri
April,Minggu,04/06/25,Speed Test,Ping (ms),114,0,0,122.6226,-4.0998,Konawe Selatan,UPPKB Moramo ,Posko After Idul Fitri
April,Minggu,04/06/25,Web Test,Loading time (ms),184,0,803,122.6226,-4.0998,Konawe Selatan,UPPKB Moramo ,Posko After Idul Fitri
April,Minggu,04/06/25,Web Test,Throughput W (Mbps),0.492,0,0.311,122.6226,-4.0998,Konawe Selatan,UPPKB Moramo ,Posko After Idul Fitri
April,Minggu,04/06/25,Video Test,Initial Buffering (ms),0,0,0,122.6226,-4.0998,Konawe Selatan,UPPKB Moramo ,Posko After Idul Fitri
April,Minggu,04/06/25,Video Test,Throughput V (Mbps),1.6,0,1.7,122.6226,-4.0998,Konawe Selatan,UPPKB Moramo ,Posko After Idul Fitri
April,Minggu,04/06/25,Speed Test,DL (Mbps),13.87,8.63,10.52,122.6871,-4.1738,Konawe Selatan,Jl. Poros Lapuko - Moramo,Posko After Idul Fitri
April,Minggu,04/06/25,Speed Test,UL (Mbps),8.4,6.93,5.51,122.6871,-4.1738,Konawe Selatan,Jl. Poros Lapuko - Moramo,Posko After Idul Fitri
April,Minggu,04/06/25,Speed Test,Ping (ms),152,169,189,122.6871,-4.1738,Konawe Selatan,Jl. Poros Lapuko - Moramo,Posko After Idul Fitri
April,Minggu,04/06/25,Web Test,Loading time (ms),880,210,225,122.6871,-4.1738,Konawe Selatan,Jl. Poros Lapuko - Moramo,Posko After Idul Fitri
April,Minggu,04/06/25,Web Test,Throughput W (Mbps),0.679,0.627,0.515,122.6871,-4.1738,Konawe Selatan,Jl. Poros Lapuko - Moramo,Posko After Idul Fitri
April,Minggu,04/06/25,Video Test,Initial Buffering (ms),0,0,0,122.6871,-4.1738,Konawe Selatan,Jl. Poros Lapuko - Moramo,Posko After Idul Fitri
April,Minggu,04/06/25,Video Test,Throughput V (Mbps),142.7,1.36,2.06,122.6871,-4.1738,Konawe Selatan,Jl. Poros Lapuko - Moramo,Posko After Idul Fitri
April,Minggu,04/06/25,Speed Test,DL (Mbps),9.46,0,0,122.7070,-4.3097,Konawe Selatan,Kantor Desa Awunio,Posko After Idul Fitri
April,Minggu,04/06/25,Speed Test,UL (Mbps),0.31,0,0,122.7070,-4.3097,Konawe Selatan,Kantor Desa Awunio,Posko After Idul Fitri
April,Minggu,04/06/25,Speed Test,Ping (ms),2275,0,0,122.7070,-4.3097,Konawe Selatan,Kantor Desa Awunio,Posko After Idul Fitri
April,Minggu,04/06/25,Web Test,Loading time (ms),2.91,0,0,122.7070,-4.3097,Konawe Selatan,Kantor Desa Awunio,Posko After Idul Fitri
April,Minggu,04/06/25,Web Test,Throughput W (Mbps),0.038,0,0,122.7070,-4.3097,Konawe Selatan,Kantor Desa Awunio,Posko After Idul Fitri
April,Minggu,04/06/25,Video Test,Initial Buffering (ms),0,0,0,122.7070,-4.3097,Konawe Selatan,Kantor Desa Awunio,Posko After Idul Fitri
April,Minggu,04/06/25,Video Test,Throughput V (Mbps),10.99,0,0,122.7070,-4.3097,Konawe Selatan,Kantor Desa Awunio,Posko After Idul Fitri
April,Minggu,04/06/25,Speed Test,DL (Mbps),8.04,8.1,2.01,122.4170,-40769,Konawe Selatan,Bandara Haluoleo,Posko After Idul Fitri
April,Minggu,04/06/25,Speed Test,UL (Mbps),6.36,6.73,5.9,122.4170,-40769,Konawe Selatan,Bandara Haluoleo,Posko After Idul Fitri
April,Minggu,04/06/25,Speed Test,Ping (ms),254,160,222,122.4170,-40769,Konawe Selatan,Bandara Haluoleo,Posko After Idul Fitri
April,Minggu,04/06/25,Web Test,Loading time (ms),435,451,253,122.4170,-40769,Konawe Selatan,Bandara Haluoleo,Posko After Idul Fitri
April,Minggu,04/06/25,Web Test,Throughput W (Mbps),0,0.496,0.525,122.4170,-40769,Konawe Selatan,Bandara Haluoleo,Posko After Idul Fitri
April,Minggu,04/06/25,Video Test,Initial Buffering (ms),0,0,0,122.4170,-40769,Konawe Selatan,Bandara Haluoleo,Posko After Idul Fitri
April,Minggu,04/06/25,Video Test,Throughput V (Mbps),1.7,1.92,2.06,122.4170,-40769,Konawe Selatan,Bandara Haluoleo,Posko After Idul Fitri
